"social_care_id","service_user_name","date_of_birth","created_at","updated_at"
"1","Phoebe Test","2002-10-03","2021-11-26 11:10:23","2021-11-26 11:10:23"
"3","Monica Geller","1990-04-10","2021-11-30 15:06:15","2021-11-30 15:06:15"
"4","Joey Tribbiani","1990-04-10","2022-03-24 11:24:19","2022-03-24 11:24:19"
"10","Test Ross","1900-05-11","2022-03-15 10:17:45","2022-03-15 10:17:45"
"15","Chandler Bing","2020-10-03","2022-05-05 10:51:15","2022-05-05 10:51:15"
"21","Estrella Kidman","1980-01-28","2022-03-10 09:02:07","2022-03-10 09:02:07"
"78","Ross Geller","2006-02-03","2022-04-29 13:58:42","2022-04-29 13:58:42"
"33339581","sxdrcfvgbh ctfvygbuhnij","1985-12-05","2022-02-22 13:01:42","2022-02-22 13:01:42"
"33339619","Rachel Green","1971-06-17","2022-03-14 14:34:40","2022-03-14 14:34:40"
"50000012","Rachel Test","2000-02-22","2022-05-03 09:07:08","2022-05-03 09:07:08"
"50000048","Jerry Seinfeld","1964-03-03","2022-03-28 09:17:34","2022-03-28 09:17:34"
"50000366","Joan Joanes","1960-11-22","2022-05-25 14:25:15","2022-05-25 14:25:15"
